data_venda,cliente_id,produto_id,qtd_vendida,preco_praticado,media_preco_similares,is_final_de_semana
2026-03-01,CUST-1362,301,4,9.29,8.7,1
2026-03-01,CUST-1213,201,1,119.55,120.39,1
2026-03-01,CUST-1051,103,1,2.45,2.49,1
2026-03-01,CUST-1093,102,1,14.98,14.46,1
2026-03-01,CUST-1411,103,2,2.37,2.62,1
2026-03-01,CUST-1095,301,1,8.4,9.1,1
2026-03-01,CUST-1461,102,3,14.63,14.01,1
2026-03-01,CUST-1375,202,2,83.91,84.67,1
2026-03-01,CUST-1450,202,1,96.49,89.75,1
2026-03-01,CUST-1228,101,2,16.54,15.21,1
2026-03-01,CUST-1422,301,3,8.22,8.93,1
2026-03-01,CUST-1499,101,1,15.26,15.55,1
2026-03-01,CUST-1144,102,1,14.67,14.8,1
2026-03-01,CUST-1167,102,4,13.52,15.18,1
2026-03-01,CUST-1116,101,1,15.82,16.31,1
2026-03-01,CUST-1148,102,4,15.57,15.07,1
2026-03-01,CUST-1456,201,3,117.87,116.81,1
2026-03-01,CUST-1149,301,4,8.73,8.62,1
2026-03-01,CUST-1413,201,1,125.39,116.27,1
2026-03-01,CUST-1470,301,2,9.71,8.91,1
2026-03-01,CUST-1358,201,3,118.92,119.65,1
2026-03-01,CUST-1052,102,3,13.07,14.47,1
2026-03-01,CUST-1013,301,1,8.97,8.85,1
2026-03-01,CUST-1437,103,1,2.67,2.59,1
2026-03-01,CUST-1103,301,2,9.53,8.66,1
2026-03-01,CUST-1421,102,3,14.43,14.65,1
2026-03-01,CUST-1479,103,4,2.35,2.6,1
2026-03-01,CUST-1384,202,1,84.99,90.32,1
2026-03-01,CUST-1282,101,4,15.54,15.7,1
2026-03-01,CUST-1134,201,2,130.87,124.39,1
2026-03-01,CUST-1302,202,4,81.54,88.0,1
2026-03-01,CUST-1230,301,3,8.3,9.11,1
2026-03-01,CUST-1010,202,3,90.67,86.22,1
2026-03-01,CUST-1224,201,3,115.76,124.28,1
2026-03-01,CUST-1430,101,3,15.24,15.23,1
2026-03-01,CUST-1299,301,4,8.68,9.06,1
2026-03-01,CUST-1151,103,1,2.6,2.39,1
2026-03-01,CUST-1345,301,1,8.43,9.35,1
2026-03-01,CUST-1315,202,2,97.41,89.52,1
2026-03-01,CUST-1291,201,1,112.58,117.85,1
2026-03-01,CUST-1261,101,2,16.36,15.59,1
2026-03-01,CUST-1048,301,4,9.49,9.01,1
2026-03-01,CUST-1408,301,2,8.97,8.97,1
2026-03-01,CUST-1243,103,2,2.67,2.39,1
2026-03-01,CUST-1195,103,1,2.61,2.47,1
2026-03-01,CUST-1207,102,4,13.24,14.14,1
2026-03-01,CUST-1139,101,3,17.08,15.97,1
2026-03-01,CUST-1068,202,3,90.02,85.17,1
2026-03-02,CUST-1256,202,2,96.53,89.86,0
2026-03-02,CUST-1161,103,2,2.31,2.39,0
2026-03-02,CUST-1168,103,4,2.26,2.39,0
2026-03-02,CUST-1318,102,1,15.45,13.97,0
2026-03-02,CUST-1400,102,3,13.56,14.4,0
2026-03-02,CUST-1367,101,1,15.81,15.18,0
2026-03-02,CUST-1161,103,4,2.46,2.49,0
2026-03-02,CUST-1211,201,4,124.81,115.52,0
2026-03-02,CUST-1366,102,4,14.48,14.01,0
2026-03-02,CUST-1434,201,1,119.2,124.38,0
2026-03-02,CUST-1475,301,3,9.07,8.98,0
2026-03-02,CUST-1237,201,2,113.78,122.84,0
2026-03-02,CUST-1418,103,1,2.68,2.44,0
2026-03-02,CUST-1047,202,4,90.89,90.31,0
2026-03-02,CUST-1354,301,3,9.04,9.28,0
2026-03-02,CUST-1146,201,2,125.71,118.71,0
2026-03-02,CUST-1429,101,2,14.53,16.03,0
2026-03-02,CUST-1389,301,3,8.29,8.68,0
2026-03-02,CUST-1403,202,1,95.58,90.53,0
2026-03-02,CUST-1064,102,4,15.05,14.22,0
2026-03-02,CUST-1420,202,2,95.81,88.15,0
2026-03-02,CUST-1103,201,2,129.82,117.06,0
2026-03-02,CUST-1001,301,3,8.99,8.59,0
2026-03-02,CUST-1129,202,3,84.01,91.15,0
2026-03-03,CUST-1189,103,3,2.64,2.4,0
2026-03-03,CUST-1013,102,4,13.67,15.0,0
2026-03-03,CUST-1309,202,1,95.06,93.27,0
2026-03-03,CUST-1458,202,1,91.82,92.72,0
2026-03-03,CUST-1491,202,3,87.9,85.78,0
2026-03-03,CUST-1056,301,4,9.53,9.13,0
2026-03-03,CUST-1197,102,2,14.72,13.91,0
2026-03-03,CUST-1372,301,2,9.79,9.05,0
2026-03-03,CUST-1233,103,3,2.54,2.41,0
2026-03-03,CUST-1257,102,3,15.27,13.96,0
2026-03-03,CUST-1317,101,3,15.81,15.69,0
2026-03-03,CUST-1402,102,2,14.48,14.46,0
2026-03-03,CUST-1318,103,4,2.47,2.46,0
2026-03-03,CUST-1409,202,3,90.29,91.35,0
2026-03-03,CUST-1341,201,2,125.1,118.95,0
2026-03-03,CUST-1183,201,4,111.82,118.22,0
2026-03-03,CUST-1410,201,2,123.83,124.72,0
2026-03-03,CUST-1429,101,2,14.78,16.07,0
2026-03-03,CUST-1110,202,1,81.58,90.79,0
2026-03-03,CUST-1299,101,3,17.06,15.74,0
2026-03-03,CUST-1189,301,4,9.23,9.0,0
2026-03-03,CUST-1175,202,4,82.67,86.11,0
2026-03-03,CUST-1250,202,2,84.69,90.96,0
2026-03-03,CUST-1036,103,4,2.7,2.45,0
2026-03-03,CUST-1397,101,2,15.87,15.42,0
2026-03-03,CUST-1353,201,1,128.75,120.04,0
2026-03-03,CUST-1240,101,3,15.39,16.43,0
2026-03-03,CUST-1409,102,1,14.92,15.06,0
2026-03-03,CUST-1332,201,3,109.1,118.12,0
2026-03-03,CUST-1085,102,4,15.68,14.27,0
2026-03-03,CUST-1379,301,1,8.15,9.38,0
2026-03-03,CUST-1201,103,2,2.41,2.46,0
2026-03-03,CUST-1432,102,2,13.64,14.28,0
2026-03-03,CUST-1358,102,2,15.0,15.18,0
2026-03-03,CUST-1090,103,1,2.31,2.52,0
2026-03-03,CUST-1120,202,4,81.03,87.95,0
2026-03-03,CUST-1070,101,3,16.27,15.39,0
2026-03-03,CUST-1206,201,2,125.01,114.51,0
2026-03-04,CUST-1165,102,1,13.66,14.96,0
2026-03-04,CUST-1438,301,3,9.17,9.1,0
2026-03-04,CUST-1401,102,1,14.26,14.08,0
2026-03-04,CUST-1272,301,2,8.22,9.17,0
2026-03-04,CUST-1447,101,3,15.52,15.78,0
2026-03-04,CUST-1357,102,4,14.96,15.15,0
2026-03-04,CUST-1427,202,4,81.65,91.69,0
2026-03-04,CUST-1286,201,1,127.31,119.98,0
2026-03-04,CUST-1456,101,3,15.93,15.53,0
2026-03-04,CUST-1345,103,3,2.49,2.57,0
2026-03-04,CUST-1203,102,4,15.09,14.2,0
2026-03-04,CUST-1408,301,3,9.45,8.84,0
2026-03-04,CUST-1294,103,1,2.33,2.61,0
2026-03-04,CUST-1371,101,3,16.91,15.65,0
2026-03-04,CUST-1075,201,4,128.45,116.18,0
2026-03-04,CUST-1478,201,3,112.27,123.8,0
2026-03-04,CUST-1091,201,4,110.56,125.28,0
2026-03-04,CUST-1125,102,1,14.79,14.69,0
2026-03-04,CUST-1219,102,4,13.2,15.18,0
2026-03-04,CUST-1075,103,1,2.5,2.51,0
2026-03-04,CUST-1350,201,3,120.94,115.82,0
2026-03-04,CUST-1266,201,2,121.4,118.95,0
2026-03-04,CUST-1493,301,3,9.51,9.17,0
2026-03-04,CUST-1048,101,2,15.59,16.31,0
2026-03-04,CUST-1116,202,1,84.61,92.04,0
2026-03-04,CUST-1431,101,2,15.43,16.53,0
2026-03-04,CUST-1371,301,1,8.39,9.38,0
2026-03-04,CUST-1004,202,3,89.96,89.99,0
2026-03-04,CUST-1220,301,3,8.64,8.96,0
2026-03-04,CUST-1260,102,1,15.69,13.89,0
2026-03-04,CUST-1322,102,1,13.37,13.8,0
2026-03-04,CUST-1499,101,4,16.06,16.17,0
2026-03-04,CUST-1423,102,1,13.43,14.0,0
2026-03-04,CUST-1116,301,3,8.41,9.12,0
2026-03-04,CUST-1235,101,1,15.21,16.16,0
2026-03-04,CUST-1477,101,4,17.43,15.15,0
2026-03-04,CUST-1135,202,1,96.54,87.24,0
2026-03-04,CUST-1236,201,4,119.33,117.19,0
2026-03-04,CUST-1412,201,3,121.7,125.77,0
2026-03-04,CUST-1091,103,4,2.33,2.39,0
2026-03-04,CUST-1411,202,4,95.96,84.81,0
2026-03-05,CUST-1391,301,3,8.4,9.32,0
2026-03-05,CUST-1284,101,3,15.33,15.14,0
2026-03-05,CUST-1479,101,4,16.41,15.65,0
2026-03-05,CUST-1178,103,3,2.3,2.62,0
2026-03-05,CUST-1049,301,1,9.44,9.43,0
2026-03-05,CUST-1016,102,3,13.72,14.28,0
2026-03-05,CUST-1381,301,4,9.25,8.64,0
2026-03-05,CUST-1221,103,2,2.43,2.4,0
2026-03-05,CUST-1440,103,2,2.37,2.44,0
2026-03-05,CUST-1294,103,4,2.53,2.51,0
2026-03-05,CUST-1435,101,3,15.69,16.46,0
2026-03-05,CUST-1337,301,1,8.45,8.9,0
2026-03-05,CUST-1472,102,4,13.91,14.96,0
2026-03-05,CUST-1174,202,2,82.05,84.96,0
2026-03-05,CUST-1495,301,4,9.22,9.4,0
2026-03-05,CUST-1197,301,1,9.49,9.19,0
2026-03-05,CUST-1150,102,3,14.06,14.07,0
2026-03-05,CUST-1140,102,3,13.06,14.19,0
2026-03-05,CUST-1123,201,3,126.52,125.06,0
2026-03-05,CUST-1491,301,2,9.01,8.69,0
2026-03-05,CUST-1248,201,4,116.66,123.62,0
2026-03-05,CUST-1309,202,2,89.55,86.31,0
2026-03-05,CUST-1111,202,3,92.09,92.74,0
2026-03-05,CUST-1071,103,3,2.7,2.4,0
2026-03-05,CUST-1457,202,1,87.01,92.09,0
2026-03-05,CUST-1461,201,3,112.91,114.86,0
2026-03-05,CUST-1396,103,3,2.57,2.46,0
2026-03-05,CUST-1350,201,4,108.88,116.97,0
2026-03-05,CUST-1323,101,1,17.16,15.68,0
2026-03-05,CUST-1056,101,3,16.96,15.38,0
2026-03-05,CUST-1180,102,2,15.37,14.0,0
2026-03-05,CUST-1013,101,3,16.98,16.1,0
2026-03-05,CUST-1448,202,1,95.78,89.63,0
2026-03-05,CUST-1459,202,2,83.83,92.32,0
2026-03-05,CUST-1334,202,3,97.43,89.6,0
2026-03-05,CUST-1052,301,3,8.34,9.24,0
2026-03-05,CUST-1450,301,3,9.16,8.69,0
2026-03-05,CUST-1182,101,2,14.51,15.78,0
2026-03-05,CUST-1407,102,4,15.1,13.9,0
2026-03-05,CUST-1470,101,3,15.51,15.31,0
2026-03-05,CUST-1274,101,2,15.88,16.3,0
2026-03-06,CUST-1391,101,3,14.71,15.67,0
2026-03-06,CUST-1401,301,1,9.04,9.13,0
2026-03-06,CUST-1127,103,2,2.26,2.58,0
2026-03-06,CUST-1394,201,2,108.35,115.34,0
2026-03-06,CUST-1094,301,1,8.52,8.89,0
2026-03-06,CUST-1209,102,3,15.79,14.14,0
2026-03-06,CUST-1431,202,3,84.74,90.94,0
2026-03-06,CUST-1082,101,2,14.92,16.16,0
2026-03-06,CUST-1192,301,1,8.81,9.22,0
2026-03-06,CUST-1483,301,1,8.29,9.21,0
2026-03-06,CUST-1183,102,3,13.76,15.15,0
2026-03-06,CUST-1034,103,3,2.33,2.44,0
2026-03-06,CUST-1460,101,3,16.54,16.17,0
2026-03-07,CUST-1084,102,1,15.69,14.47,1
2026-03-07,CUST-1131,202,1,95.86,87.84,1
2026-03-07,CUST-1467,101,4,17.09,16.27,1
2026-03-07,CUST-1050,201,2,109.82,121.84,1
2026-03-07,CUST-1164,301,1,9.26,8.66,1
2026-03-07,CUST-1374,101,2,16.18,16.2,1
2026-03-07,CUST-1207,101,1,14.68,16.38,1
2026-03-07,CUST-1470,102,1,14.79,14.65,1
2026-03-07,CUST-1267,101,3,14.35,15.85,1
2026-03-07,CUST-1201,301,1,9.32,8.69,1
2026-03-07,CUST-1348,101,2,17.04,15.48,1
2026-03-07,CUST-1104,201,2,129.65,117.83,1
2026-03-07,CUST-1092,103,4,2.4,2.38,1
2026-03-07,CUST-1152,202,3,96.16,88.9,1
2026-03-07,CUST-1317,103,4,2.43,2.6,1
2026-03-07,CUST-1497,103,3,2.29,2.55,1
2026-03-07,CUST-1418,103,4,2.45,2.49,1
2026-03-07,CUST-1056,202,4,92.59,91.96,1
2026-03-07,CUST-1239,102,3,14.77,14.96,1
2026-03-07,CUST-1257,201,2,115.06,114.46,1
2026-03-07,CUST-1172,301,1,8.86,9.23,1
2026-03-07,CUST-1441,202,3,94.55,89.94,1
2026-03-07,CUST-1012,102,1,14.79,13.85,1
2026-03-07,CUST-1334,103,2,2.57,2.55,1
2026-03-07,CUST-1275,103,1,2.37,2.51,1
2026-03-07,CUST-1171,202,2,80.51,93.06,1
2026-03-07,CUST-1451,101,1,14.39,16.17,1
2026-03-07,CUST-1302,101,3,16.0,16.22,1
2026-03-07,CUST-1043,102,2,13.27,14.67,1
2026-03-07,CUST-1200,201,4,112.31,118.83,1
2026-03-07,CUST-1175,101,3,14.76,16.54,1
2026-03-07,CUST-1319,201,4,115.31,117.07,1
2026-03-07,CUST-1022,103,4,2.4,2.41,1
2026-03-07,CUST-1002,301,4,8.46,8.89,1
2026-03-07,CUST-1444,301,1,8.95,9.26,1
2026-03-07,CUST-1010,101,4,16.35,16.19,1
2026-03-08,CUST-1076,101,2,17.42,15.54,1
2026-03-08,CUST-1476,201,3,129.22,122.01,1
2026-03-08,CUST-1160,102,3,15.64,14.0,1
2026-03-08,CUST-1322,102,2,15.61,14.69,1
2026-03-08,CUST-1013,102,4,13.5,14.98,1
2026-03-08,CUST-1165,103,4,2.64,2.55,1
2026-03-08,CUST-1339,301,3,9.76,8.57,1
2026-03-08,CUST-1063,202,1,96.33,88.18,1
2026-03-08,CUST-1096,101,4,16.58,16.02,1
2026-03-08,CUST-1271,101,2,14.87,16.17,1
2026-03-08,CUST-1364,101,1,14.74,15.89,1
2026-03-08,CUST-1192,301,4,9.25,9.0,1
2026-03-08,CUST-1329,301,4,8.36,9.03,1
2026-03-08,CUST-1013,202,2,91.63,92.83,1
2026-03-08,CUST-1219,301,3,9.29,8.67,1
2026-03-08,CUST-1273,301,4,8.73,8.87,1
2026-03-08,CUST-1244,201,3,109.98,123.25,1
2026-03-08,CUST-1273,101,1,16.87,15.55,1
2026-03-08,CUST-1222,101,4,15.18,16.66,1
2026-03-08,CUST-1479,201,1,114.88,121.91,1
2026-03-08,CUST-1195,102,2,15.27,13.83,1
2026-03-08,CUST-1032,103,1,2.58,2.49,1
2026-03-08,CUST-1496,103,1,2.59,2.52,1
2026-03-08,CUST-1043,103,4,2.5,2.61,1
2026-03-08,CUST-1158,103,1,2.68,2.42,1
2026-03-08,CUST-1303,101,1,17.06,15.39,1
2026-03-08,CUST-1321,202,3,97.52,91.95,1
2026-03-08,CUST-1306,103,4,2.72,2.57,1
2026-03-08,CUST-1215,201,1,125.28,123.79,1
2026-03-08,CUST-1138,301,2,8.2,8.95,1
2026-03-08,CUST-1169,102,3,13.12,14.28,1
2026-03-08,CUST-1425,101,1,16.32,15.6,1
2026-03-08,CUST-1160,201,4,119.41,125.14,1
2026-03-08,CUST-1307,102,1,15.49,14.27,1
2026-03-08,CUST-1443,202,2,96.5,85.7,1
2026-03-08,CUST-1317,103,1,2.33,2.51,1
2026-03-08,CUST-1341,201,3,112.15,116.75,1
2026-03-08,CUST-1436,102,1,15.8,14.11,1
2026-03-08,CUST-1032,102,2,15.29,14.73,1
2026-03-08,CUST-1047,101,2,15.91,16.37,1
2026-03-08,CUST-1460,202,1,83.22,92.62,1
2026-03-08,CUST-1312,202,1,85.57,84.58,1
2026-03-08,CUST-1276,103,4,2.5,2.52,1
2026-03-08,CUST-1308,102,4,14.4,14.7,1
2026-03-09,CUST-1420,101,3,16.94,15.17,0
2026-03-09,CUST-1330,202,3,92.34,85.53,0
2026-03-09,CUST-1242,301,2,8.29,9.12,0
2026-03-09,CUST-1032,101,3,17.27,15.83,0
2026-03-09,CUST-1415,103,4,2.7,2.42,0
2026-03-09,CUST-1033,202,1,84.41,89.12,0
2026-03-09,CUST-1477,301,4,9.14,9.02,0
2026-03-09,CUST-1466,102,3,13.87,14.83,0
2026-03-09,CUST-1281,103,3,2.28,2.43,0
2026-03-09,CUST-1082,103,1,2.35,2.57,0
2026-03-09,CUST-1000,103,3,2.71,2.38,0
2026-03-09,CUST-1236,103,2,2.41,2.48,0
2026-03-09,CUST-1301,301,1,9.43,8.73,0
2026-03-09,CUST-1399,301,2,8.12,8.8,0
2026-03-09,CUST-1195,301,3,9.87,9.02,0
2026-03-09,CUST-1155,101,4,16.06,15.3,0
2026-03-09,CUST-1063,301,1,9.33,8.84,0
2026-03-09,CUST-1146,101,1,16.96,15.27,0
2026-03-09,CUST-1254,103,2,2.73,2.53,0
2026-03-09,CUST-1370,201,4,122.44,118.64,0
2026-03-09,CUST-1485,301,1,9.43,9.11,0
2026-03-09,CUST-1475,201,4,124.27,120.69,0
2026-03-09,CUST-1292,103,3,2.54,2.54,0
2026-03-09,CUST-1108,202,2,86.83,87.5,0
2026-03-09,CUST-1079,201,1,117.33,120.75,0
2026-03-09,CUST-1489,101,4,14.36,15.99,0
2026-03-09,CUST-1143,301,4,9.37,8.59,0
2026-03-09,CUST-1006,201,4,118.94,119.04,0
2026-03-09,CUST-1188,102,4,13.63,14.66,0
2026-03-09,CUST-1240,202,2,87.26,86.21,0
2026-03-09,CUST-1080,103,4,2.52,2.62,0
2026-03-09,CUST-1239,103,2,2.58,2.56,0
2026-03-09,CUST-1031,202,3,93.56,93.27,0
2026-03-10,CUST-1442,103,3,2.26,2.54,0
2026-03-10,CUST-1081,201,1,124.52,116.2,0
2026-03-10,CUST-1370,101,4,16.95,15.19,0
2026-03-10,CUST-1008,102,4,15.49,14.82,0
2026-03-10,CUST-1083,101,4,15.74,16.11,0
2026-03-10,CUST-1448,103,2,2.33,2.61,0
2026-03-10,CUST-1177,202,3,92.22,87.22,0
2026-03-10,CUST-1381,202,3,89.82,85.95,0
2026-03-10,CUST-1068,202,3,94.5,85.05,0
2026-03-10,CUST-1070,102,3,14.42,14.58,0
2026-03-10,CUST-1459,301,4,9.1,8.6,0
2026-03-10,CUST-1256,102,1,15.83,14.25,0
2026-03-10,CUST-1035,103,3,2.68,2.57,0
2026-03-10,CUST-1065,103,2,2.75,2.49,0
2026-03-10,CUST-1343,201,2,130.26,118.24,0
2026-03-10,CUST-1457,201,1,124.1,125.02,0
2026-03-10,CUST-1374,101,3,17.49,15.53,0
2026-03-10,CUST-1133,201,3,128.7,118.4,0
2026-03-10,CUST-1494,202,2,87.78,86.26,0
2026-03-10,CUST-1264,101,1,14.42,16.22,0
2026-03-10,CUST-1416,202,4,91.87,86.63,0
2026-03-10,CUST-1205,103,1,2.54,2.51,0
2026-03-10,CUST-1279,201,3,127.21,118.33,0
2026-03-10,CUST-1210,301,2,9.33,8.7,0
2026-03-11,CUST-1406,301,4,9.9,9.15,0
2026-03-11,CUST-1163,202,3,91.0,86.58,0
2026-03-11,CUST-1060,102,4,15.81,13.88,0
2026-03-11,CUST-1148,103,3,2.57,2.49,0
2026-03-11,CUST-1356,201,3,128.47,125.99,0
2026-03-11,CUST-1099,301,1,9.48,8.8,0
2026-03-11,CUST-1172,103,1,2.49,2.4,0
2026-03-11,CUST-1078,102,4,13.89,13.91,0
2026-03-11,CUST-1005,202,3,80.9,88.95,0
2026-03-11,CUST-1011,202,2,92.73,90.22,0
2026-03-11,CUST-1406,301,4,9.37,8.92,0
2026-03-11,CUST-1424,301,1,8.56,8.59,0
2026-03-11,CUST-1320,101,1,14.8,15.81,0
2026-03-11,CUST-1477,102,3,14.2,14.26,0
2026-03-11,CUST-1157,101,4,17.25,15.91,0
2026-03-11,CUST-1469,201,4,126.05,116.64,0
2026-03-11,CUST-1116,103,4,2.67,2.41,0
2026-03-11,CUST-1283,301,1,9.29,8.87,0
2026-03-11,CUST-1117,301,2,8.2,9.17,0
2026-03-11,CUST-1149,301,4,8.33,9.41,0
2026-03-11,CUST-1082,202,2,81.41,89.19,0
2026-03-11,CUST-1140,201,4,129.37,116.6,0
2026-03-11,CUST-1282,201,1,109.69,122.64,0
2026-03-11,CUST-1290,301,3,9.06,8.67,0
2026-03-11,CUST-1304,202,3,84.32,90.03,0
2026-03-11,CUST-1445,102,3,15.45,14.52,0
2026-03-11,CUST-1364,201,2,127.27,124.94,0
2026-03-11,CUST-1444,201,3,114.17,124.58,0
2026-03-11,CUST-1187,301,1,8.89,8.98,0
2026-03-11,CUST-1102,101,4,16.9,16.43,0
2026-03-11,CUST-1350,201,2,111.77,123.59,0
2026-03-11,CUST-1341,102,2,13.21,14.21,0
2026-03-11,CUST-1228,101,2,15.89,15.21,0
2026-03-11,CUST-1358,101,4,15.83,16.27,0
2026-03-11,CUST-1257,301,1,9.16,8.67,0
2026-03-11,CUST-1447,102,3,13.81,14.22,0
2026-03-11,CUST-1043,201,2,110.61,118.36,0
2026-03-11,CUST-1082,202,2,96.97,90.37,0
2026-03-11,CUST-1217,102,2,15.03,14.78,0
2026-03-11,CUST-1341,202,1,95.59,86.63,0
2026-03-11,CUST-1169,202,2,87.52,87.39,0
2026-03-11,CUST-1155,201,1,112.01,124.5,0
2026-03-12,CUST-1272,301,2,8.28,9.12,0
2026-03-12,CUST-1062,102,1,13.85,15.14,0
2026-03-12,CUST-1361,103,4,2.67,2.59,0
2026-03-12,CUST-1330,301,1,9.17,8.67,0
2026-03-12,CUST-1236,103,1,2.52,2.6,0
2026-03-12,CUST-1152,202,2,84.07,89.45,0
2026-03-12,CUST-1365,201,2,111.64,118.26,0
2026-03-12,CUST-1346,301,2,9.03,9.02,0
2026-03-12,CUST-1163,101,1,17.26,16.45,0
2026-03-12,CUST-1059,101,4,16.03,16.11,0
2026-03-12,CUST-1377,202,2,92.28,91.3,0
2026-03-12,CUST-1114,102,4,14.63,14.65,0
2026-03-12,CUST-1441,103,3,2.58,2.55,0
2026-03-12,CUST-1420,301,4,9.6,9.38,0
2026-03-12,CUST-1330,102,1,13.12,14.59,0
2026-03-12,CUST-1062,202,3,97.56,86.81,0
2026-03-12,CUST-1117,101,4,17.42,16.36,0
2026-03-12,CUST-1237,202,2,91.67,86.67,0
2026-03-12,CUST-1069,301,4,8.16,9.33,0
2026-03-12,CUST-1073,301,4,9.72,9.02,0
2026-03-12,CUST-1128,101,2,16.23,16.41,0
2026-03-12,CUST-1159,202,1,88.85,92.2,0
2026-03-12,CUST-1264,201,1,130.57,117.37,0
2026-03-12,CUST-1087,202,2,92.45,92.46,0
2026-03-12,CUST-1401,103,4,2.68,2.5,0
2026-03-12,CUST-1153,103,3,2.55,2.58,0
2026-03-12,CUST-1188,102,3,15.11,15.09,0
2026-03-12,CUST-1408,103,4,2.48,2.5,0
2026-03-12,CUST-1363,102,4,14.64,13.89,0
2026-03-12,CUST-1288,103,2,2.59,2.5,0
2026-03-12,CUST-1171,101,1,15.26,15.39,0
2026-03-12,CUST-1368,201,1,130.02,123.18,0
2026-03-12,CUST-1012,202,2,87.7,92.76,0
2026-03-12,CUST-1116,103,1,2.74,2.45,0
2026-03-12,CUST-1384,201,4,126.96,120.0,0
2026-03-12,CUST-1029,103,3,2.62,2.4,0
2026-03-12,CUST-1399,103,4,2.4,2.58,0
2026-03-12,CUST-1479,101,1,15.05,16.0,0
2026-03-12,CUST-1319,102,4,13.67,15.11,0
2026-03-12,CUST-1243,103,3,2.44,2.44,0
2026-03-12,CUST-1451,301,1,9.74,9.02,0
2026-03-12,CUST-1422,103,1,2.74,2.42,0
2026-03-12,CUST-1021,202,2,83.64,84.6,0
2026-03-13,CUST-1172,103,4,2.58,2.42,0
2026-03-13,CUST-1472,101,4,16.64,15.3,0
2026-03-13,CUST-1037,102,1,15.93,14.86,0
2026-03-13,CUST-1485,201,4,109.53,117.63,0
2026-03-13,CUST-1361,101,2,15.53,16.15,0
2026-03-13,CUST-1122,102,2,15.66,14.12,0
2026-03-13,CUST-1036,301,4,9.41,8.87,0
2026-03-13,CUST-1215,101,3,14.79,15.3,0
2026-03-13,CUST-1113,101,3,14.47,16.57,0
2026-03-13,CUST-1082,201,2,116.03,123.36,0
2026-03-13,CUST-1329,201,1,113.92,121.6,0
2026-03-13,CUST-1341,201,3,116.68,120.13,0
2026-03-13,CUST-1359,202,3,84.79,92.02,0
2026-03-13,CUST-1302,202,2,93.83,88.73,0
2026-03-13,CUST-1368,201,2,121.81,122.08,0
2026-03-13,CUST-1263,301,2,8.3,9.15,0
2026-03-13,CUST-1430,201,1,117.96,117.67,0
2026-03-13,CUST-1350,102,3,13.99,13.86,0
2026-03-13,CUST-1398,101,4,16.81,16.15,0
2026-03-13,CUST-1216,202,4,88.39,87.23,0
2026-03-13,CUST-1215,103,2,2.73,2.61,0
2026-03-13,CUST-1105,202,1,88.99,91.93,0
2026-03-13,CUST-1264,101,1,16.03,16.4,0
2026-03-13,CUST-1141,101,2,14.69,16.31,0
2026-03-13,CUST-1405,103,3,2.48,2.59,0
2026-03-13,CUST-1242,102,3,14.49,13.97,0
2026-03-13,CUST-1381,103,1,2.71,2.47,0
2026-03-13,CUST-1268,201,1,109.14,120.26,0
2026-03-13,CUST-1216,202,3,87.7,85.35,0
2026-03-14,CUST-1185,201,2,109.37,124.91,1
2026-03-14,CUST-1243,201,2,124.16,117.68,1
2026-03-14,CUST-1487,103,3,2.53,2.45,1
2026-03-14,CUST-1174,301,1,8.55,9.44,1
2026-03-14,CUST-1383,201,3,122.41,122.63,1
2026-03-14,CUST-1255,202,2,80.26,91.52,1
2026-03-14,CUST-1462,301,1,9.6,8.65,1
2026-03-14,CUST-1146,103,2,2.42,2.5,1
2026-03-14,CUST-1004,202,4,85.31,91.21,1
2026-03-14,CUST-1492,301,2,9.52,9.21,1
2026-03-14,CUST-1142,103,2,2.49,2.41,1
2026-03-14,CUST-1442,102,2,14.92,14.33,1
2026-03-14,CUST-1000,102,3,14.55,14.39,1
2026-03-14,CUST-1111,103,1,2.69,2.52,1
2026-03-14,CUST-1441,101,4,14.77,15.71,1
2026-03-14,CUST-1136,202,3,87.96,90.05,1
2026-03-14,CUST-1347,201,2,125.68,124.66,1
2026-03-14,CUST-1436,301,1,9.04,8.92,1
2026-03-14,CUST-1340,202,3,84.53,89.2,1
2026-03-14,CUST-1298,301,4,9.05,9.32,1
2026-03-14,CUST-1070,202,2,94.97,86.17,1
2026-03-14,CUST-1065,103,2,2.4,2.38,1
2026-03-14,CUST-1179,301,1,8.24,8.71,1
2026-03-14,CUST-1397,102,3,14.75,14.64,1
2026-03-14,CUST-1374,301,1,9.55,8.94,1
2026-03-15,CUST-1495,202,4,80.17,86.87,1
2026-03-15,CUST-1312,101,3,17.07,16.35,1
2026-03-15,CUST-1066,103,1,2.27,2.54,1
2026-03-15,CUST-1077,103,1,2.51,2.61,1
2026-03-15,CUST-1307,301,1,8.87,8.86,1
2026-03-15,CUST-1140,101,2,15.8,15.55,1
2026-03-15,CUST-1071,301,3,9.1,9.13,1
2026-03-15,CUST-1485,101,1,15.37,15.27,1
2026-03-15,CUST-1084,102,1,15.22,15.05,1
2026-03-15,CUST-1099,101,2,16.91,16.42,1
2026-03-15,CUST-1173,202,2,92.42,89.29,1
2026-03-15,CUST-1031,202,3,97.14,90.68,1
2026-03-15,CUST-1230,103,4,2.6,2.51,1
2026-03-15,CUST-1481,201,1,127.84,114.56,1
2026-03-15,CUST-1388,101,4,15.67,16.64,1
2026-03-15,CUST-1452,201,4,108.72,124.09,1
2026-03-15,CUST-1467,202,3,91.9,90.67,1
2026-03-15,CUST-1473,301,4,9.79,9.38,1
2026-03-15,CUST-1154,103,3,2.28,2.4,1
2026-03-15,CUST-1467,102,3,15.89,13.9,1
2026-03-15,CUST-1449,202,4,93.12,85.07,1
2026-03-15,CUST-1240,102,2,13.38,15.03,1
2026-03-15,CUST-1430,102,3,15.13,15.0,1
2026-03-15,CUST-1199,102,2,13.65,14.92,1
2026-03-15,CUST-1075,103,3,2.48,2.53,1
2026-03-15,CUST-1248,202,4,97.85,85.3,1
2026-03-15,CUST-1333,102,2,14.46,14.51,1
2026-03-15,CUST-1059,201,2,116.54,116.97,1
2026-03-15,CUST-1443,301,1,9.42,8.58,1
2026-03-15,CUST-1407,301,1,8.59,8.85,1
2026-03-15,CUST-1138,301,4,9.45,8.81,1
2026-03-15,CUST-1475,101,2,16.52,15.66,1
2026-03-15,CUST-1222,101,3,16.95,16.29,1
2026-03-15,CUST-1335,202,4,89.06,89.94,1
2026-03-15,CUST-1472,301,4,8.63,8.72,1
2026-03-15,CUST-1194,102,2,15.74,13.83,1
2026-03-15,CUST-1286,201,2,112.9,114.15,1
2026-03-15,CUST-1456,201,4,114.19,124.11,1
2026-03-15,CUST-1385,101,4,15.43,15.44,1
2026-03-15,CUST-1166,201,3,125.25,123.96,1
2026-03-15,CUST-1069,201,1,115.1,115.69,1
2026-03-16,CUST-1323,103,4,2.31,2.52,0
2026-03-16,CUST-1218,301,3,8.57,8.59,0
2026-03-16,CUST-1373,201,4,124.83,119.3,0
2026-03-16,CUST-1399,103,2,2.46,2.45,0
2026-03-16,CUST-1270,101,2,15.95,16.54,0
2026-03-16,CUST-1353,101,2,14.59,16.37,0
2026-03-16,CUST-1338,202,3,88.24,87.63,0
2026-03-16,CUST-1490,301,4,9.55,9.22,0
2026-03-16,CUST-1113,103,1,2.33,2.5,0
2026-03-16,CUST-1134,202,4,91.46,92.74,0
2026-03-16,CUST-1456,301,1,8.72,9.17,0
2026-03-16,CUST-1426,102,1,14.61,14.4,0
2026-03-16,CUST-1221,301,1,9.63,8.7,0
2026-03-16,CUST-1478,101,2,14.47,15.75,0
2026-03-16,CUST-1164,202,4,91.68,87.67,0
2026-03-16,CUST-1258,102,3,13.08,13.82,0
2026-03-16,CUST-1035,102,4,14.48,14.7,0
2026-03-16,CUST-1090,201,3,129.32,118.29,0
2026-03-17,CUST-1067,102,1,14.31,13.97,0
2026-03-17,CUST-1217,201,4,118.35,122.67,0
2026-03-17,CUST-1491,102,3,13.12,14.31,0
2026-03-17,CUST-1037,102,3,14.34,13.87,0
2026-03-17,CUST-1224,202,3,88.93,92.02,0
2026-03-17,CUST-1170,103,2,2.66,2.54,0
2026-03-17,CUST-1065,202,2,81.0,84.75,0
2026-03-17,CUST-1482,102,2,14.1,15.2,0
2026-03-17,CUST-1454,103,4,2.37,2.42,0
2026-03-17,CUST-1287,201,4,122.21,120.17,0
2026-03-17,CUST-1360,202,2,93.11,89.68,0
2026-03-17,CUST-1003,202,4,84.41,84.74,0
2026-03-17,CUST-1107,102,4,14.42,14.47,0
2026-03-17,CUST-1261,201,4,123.09,114.85,0
2026-03-17,CUST-1413,103,4,2.4,2.44,0
2026-03-17,CUST-1101,101,1,17.41,15.62,0
2026-03-17,CUST-1315,201,2,123.17,115.93,0
2026-03-17,CUST-1308,101,3,15.6,16.56,0
2026-03-17,CUST-1268,101,2,17.16,15.92,0
2026-03-17,CUST-1466,101,3,16.72,15.96,0
2026-03-18,CUST-1233,103,3,2.7,2.48,0
2026-03-18,CUST-1370,301,3,8.23,9.14,0
2026-03-18,CUST-1336,103,1,2.4,2.44,0
2026-03-18,CUST-1219,101,2,14.34,15.37,0
2026-03-18,CUST-1352,101,2,14.73,15.67,0
2026-03-18,CUST-1359,301,1,8.9,9.19,0
2026-03-18,CUST-1053,202,1,88.4,87.92,0
2026-03-18,CUST-1198,103,2,2.5,2.52,0
2026-03-18,CUST-1223,301,3,9.85,9.22,0
2026-03-18,CUST-1452,202,3,91.02,87.73,0
2026-03-18,CUST-1071,301,1,9.08,8.66,0
2026-03-18,CUST-1043,101,3,17.28,15.88,0
2026-03-18,CUST-1309,301,2,9.13,8.78,0
2026-03-18,CUST-1445,101,4,16.92,16.67,0
2026-03-18,CUST-1377,202,3,94.45,90.9,0
2026-03-18,CUST-1197,201,1,129.68,114.06,0
2026-03-18,CUST-1267,301,4,9.45,9.03,0
2026-03-18,CUST-1204,201,2,121.01,117.71,0
2026-03-18,CUST-1432,301,4,9.04,8.58,0
2026-03-18,CUST-1282,102,3,15.74,13.95,0
2026-03-18,CUST-1022,103,3,2.54,2.41,0
2026-03-18,CUST-1271,102,3,14.33,14.85,0
2026-03-18,CUST-1106,102,4,15.11,14.04,0
2026-03-18,CUST-1436,102,1,14.36,14.78,0
2026-03-18,CUST-1318,103,4,2.72,2.58,0
2026-03-18,CUST-1425,201,4,121.86,125.21,0
2026-03-18,CUST-1333,102,2,14.16,14.15,0
2026-03-18,CUST-1024,201,2,131.79,118.95,0
2026-03-18,CUST-1392,102,4,15.41,15.07,0
2026-03-18,CUST-1235,301,1,9.04,8.91,0
2026-03-18,CUST-1337,103,1,2.38,2.45,0
2026-03-18,CUST-1350,201,1,120.0,124.66,0
2026-03-18,CUST-1338,301,1,8.51,9.06,0
2026-03-18,CUST-1301,102,3,15.24,14.2,0
2026-03-18,CUST-1447,101,2,17.18,15.96,0
2026-03-18,CUST-1165,102,1,13.27,14.13,0
2026-03-18,CUST-1051,202,4,93.43,89.94,0
2026-03-18,CUST-1266,103,2,2.62,2.52,0
2026-03-18,CUST-1417,202,3,87.46,92.75,0
2026-03-18,CUST-1235,102,1,13.82,14.99,0
2026-03-18,CUST-1256,301,2,8.17,9.23,0
2026-03-18,CUST-1341,103,1,2.52,2.56,0
2026-03-18,CUST-1046,201,3,120.43,116.82,0
2026-03-18,CUST-1050,201,2,110.58,118.15,0
2026-03-18,CUST-1389,301,3,8.53,8.67,0
2026-03-18,CUST-1347,202,2,81.83,90.23,0
2026-03-19,CUST-1016,202,2,95.24,88.45,0
2026-03-19,CUST-1030,102,4,13.71,15.01,0
2026-03-19,CUST-1120,202,4,96.78,85.98,0
2026-03-19,CUST-1117,202,2,84.72,91.2,0
2026-03-19,CUST-1035,102,4,15.36,15.21,0
2026-03-19,CUST-1020,103,4,2.64,2.46,0
2026-03-19,CUST-1327,301,1,8.93,8.68,0
2026-03-19,CUST-1393,301,1,8.73,8.84,0
2026-03-19,CUST-1085,102,2,15.87,14.84,0
2026-03-19,CUST-1344,103,4,2.59,2.6,0
2026-03-19,CUST-1364,101,3,15.53,16.03,0
2026-03-19,CUST-1499,102,1,14.12,14.31,0
2026-03-19,CUST-1488,202,2,95.6,88.69,0
2026-03-19,CUST-1193,102,4,14.23,15.22,0
2026-03-19,CUST-1458,202,3,93.35,86.71,0
2026-03-19,CUST-1067,301,3,9.2,9.17,0
2026-03-19,CUST-1371,201,4,129.52,120.98,0
2026-03-19,CUST-1109,202,4,95.84,90.75,0
2026-03-19,CUST-1023,101,1,16.81,15.94,0
2026-03-19,CUST-1227,103,2,2.33,2.45,0
2026-03-19,CUST-1131,102,4,13.24,14.62,0
2026-03-19,CUST-1098,102,4,14.24,14.55,0
2026-03-19,CUST-1375,301,2,9.18,9.32,0
2026-03-19,CUST-1372,101,2,16.95,16.36,0
2026-03-19,CUST-1215,103,4,2.35,2.6,0
2026-03-19,CUST-1312,201,2,109.41,122.57,0
2026-03-19,CUST-1199,202,4,95.05,93.28,0
2026-03-19,CUST-1304,103,4,2.62,2.42,0
2026-03-19,CUST-1038,103,4,2.4,2.46,0
2026-03-19,CUST-1443,102,4,13.09,14.65,0
2026-03-19,CUST-1138,301,2,8.6,9.2,0
2026-03-19,CUST-1051,101,3,14.6,16.16,0
2026-03-19,CUST-1432,201,4,113.18,122.57,0
2026-03-19,CUST-1241,101,4,15.55,16.65,0
2026-03-19,CUST-1297,301,1,8.99,8.62,0
2026-03-20,CUST-1140,301,4,9.55,9.13,0
2026-03-20,CUST-1142,103,1,2.53,2.56,0
2026-03-20,CUST-1402,201,1,122.16,122.81,0
2026-03-20,CUST-1425,103,2,2.54,2.51,0
2026-03-20,CUST-1168,103,2,2.55,2.51,0
2026-03-20,CUST-1197,101,3,15.4,16.0,0
2026-03-20,CUST-1002,101,2,16.93,16.65,0
2026-03-20,CUST-1468,202,4,88.24,84.68,0
2026-03-20,CUST-1322,202,3,97.77,88.44,0
2026-03-20,CUST-1107,102,3,14.03,14.67,0
2026-03-20,CUST-1170,101,4,16.36,15.38,0
2026-03-20,CUST-1232,102,3,14.35,13.99,0
2026-03-20,CUST-1284,201,1,129.6,123.68,0
2026-03-20,CUST-1362,301,4,8.15,8.97,0
2026-03-20,CUST-1370,301,4,8.65,9.24,0
2026-03-20,CUST-1221,301,1,8.72,9.37,0
2026-03-20,CUST-1010,202,3,82.38,87.97,0
2026-03-20,CUST-1215,102,3,14.97,14.98,0
2026-03-20,CUST-1047,101,1,15.96,15.88,0
2026-03-20,CUST-1038,202,3,95.83,88.11,0
2026-03-20,CUST-1169,103,4,2.42,2.46,0
2026-03-20,CUST-1438,102,1,14.17,14.62,0
2026-03-20,CUST-1052,301,1,8.74,8.56,0
2026-03-20,CUST-1242,201,4,111.58,115.17,0
2026-03-20,CUST-1242,103,4,2.43,2.52,0
2026-03-20,CUST-1496,102,3,13.48,15.12,0
2026-03-20,CUST-1394,301,1,9.65,9.06,0
2026-03-20,CUST-1308,103,3,2.48,2.43,0
2026-03-20,CUST-1134,202,2,97.7,85.89,0
2026-03-20,CUST-1138,103,3,2.66,2.47,0
2026-03-20,CUST-1185,301,1,9.42,9.08,0
2026-03-20,CUST-1253,202,3,84.73,91.63,0
2026-03-20,CUST-1075,102,1,15.32,15.22,0
2026-03-20,CUST-1040,102,4,13.96,14.5,0
2026-03-20,CUST-1156,201,3,121.51,121.89,0
2026-03-20,CUST-1451,102,2,14.02,14.56,0
2026-03-20,CUST-1293,301,4,9.48,8.6,0
2026-03-20,CUST-1367,301,2,8.17,8.62,0
2026-03-20,CUST-1374,202,4,97.55,90.75,0
2026-03-20,CUST-1299,102,3,14.77,13.84,0
2026-03-20,CUST-1442,101,3,17.33,15.37,0
2026-03-20,CUST-1266,101,2,14.54,15.94,0
2026-03-20,CUST-1079,301,3,8.92,9.22,0
2026-03-20,CUST-1276,201,4,114.32,116.82,0
2026-03-20,CUST-1105,201,4,112.5,122.35,0
2026-03-20,CUST-1159,103,1,2.33,2.5,0
2026-03-21,CUST-1053,301,4,8.69,8.65,1
2026-03-21,CUST-1256,202,4,97.39,89.84,1
2026-03-21,CUST-1303,101,1,17.04,16.48,1
2026-03-21,CUST-1404,202,3,81.52,86.17,1
2026-03-21,CUST-1189,202,4,84.27,92.31,1
2026-03-21,CUST-1161,201,1,130.37,119.28,1
2026-03-21,CUST-1079,201,3,121.36,116.14,1
2026-03-21,CUST-1004,102,3,13.89,14.04,1
2026-03-21,CUST-1425,101,4,14.86,15.45,1
2026-03-21,CUST-1192,301,4,8.65,8.96,1
2026-03-21,CUST-1360,103,2,2.62,2.5,1
2026-03-21,CUST-1359,202,4,87.51,93.28,1
2026-03-21,CUST-1235,301,2,8.33,8.74,1
2026-03-21,CUST-1385,202,4,92.0,89.18,1
2026-03-21,CUST-1300,301,2,9.56,9.22,1
2026-03-21,CUST-1057,202,4,84.38,92.87,1
2026-03-21,CUST-1084,102,2,14.21,14.32,1
2026-03-21,CUST-1052,201,1,129.56,119.93,1
2026-03-21,CUST-1116,103,2,2.55,2.48,1
2026-03-21,CUST-1087,101,2,16.93,15.43,1
2026-03-21,CUST-1053,103,4,2.44,2.56,1
2026-03-21,CUST-1429,101,1,17.32,15.93,1
2026-03-21,CUST-1435,201,3,119.89,120.61,1
2026-03-21,CUST-1144,101,4,16.95,16.54,1
2026-03-21,CUST-1333,202,4,88.76,85.29,1
2026-03-21,CUST-1359,201,1,116.01,119.25,1
2026-03-21,CUST-1458,102,1,13.74,14.85,1
2026-03-21,CUST-1261,201,2,112.83,114.33,1
2026-03-21,CUST-1371,103,2,2.52,2.51,1
2026-03-21,CUST-1144,301,4,9.49,9.08,1
2026-03-21,CUST-1207,102,4,15.28,15.19,1
2026-03-21,CUST-1135,102,2,15.88,14.76,1
2026-03-21,CUST-1179,201,1,117.13,118.74,1
2026-03-21,CUST-1004,102,2,15.2,13.82,1
2026-03-21,CUST-1486,201,2,112.6,118.18,1
2026-03-21,CUST-1304,102,3,13.38,15.04,1
2026-03-21,CUST-1384,102,3,15.09,15.2,1
2026-03-21,CUST-1300,202,1,93.83,87.49,1
2026-03-21,CUST-1108,102,3,13.13,14.09,1
2026-03-21,CUST-1191,101,2,17.26,16.16,1
2026-03-21,CUST-1140,101,1,17.3,16.02,1
2026-03-22,CUST-1457,202,3,97.47,91.39,1
2026-03-22,CUST-1148,101,1,16.59,15.35,1
2026-03-22,CUST-1171,101,3,16.59,16.41,1
2026-03-22,CUST-1263,103,3,2.33,2.42,1
2026-03-22,CUST-1431,201,4,112.97,119.89,1
2026-03-22,CUST-1040,202,1,90.26,86.07,1
2026-03-22,CUST-1218,103,1,2.71,2.59,1
2026-03-22,CUST-1323,202,1,81.62,84.92,1
2026-03-22,CUST-1251,103,1,2.3,2.62,1
2026-03-22,CUST-1114,202,1,81.5,92.09,1
2026-03-22,CUST-1013,102,4,14.1,14.67,1
2026-03-22,CUST-1406,103,2,2.27,2.57,1
2026-03-22,CUST-1258,102,2,14.06,14.8,1
2026-03-23,CUST-1296,102,1,14.79,14.94,0
2026-03-23,CUST-1314,103,2,2.49,2.6,0
2026-03-23,CUST-1444,102,2,14.87,14.76,0
2026-03-23,CUST-1269,102,2,14.36,14.49,0
2026-03-23,CUST-1358,102,1,14.0,14.08,0
2026-03-23,CUST-1127,101,1,16.69,15.39,0
2026-03-23,CUST-1134,202,1,83.12,89.39,0
2026-03-23,CUST-1021,201,3,110.54,119.52,0
2026-03-23,CUST-1011,102,2,13.6,14.76,0
2026-03-23,CUST-1275,101,3,15.63,15.43,0
2026-03-23,CUST-1443,101,4,17.1,15.67,0
2026-03-23,CUST-1341,101,1,14.54,16.62,0
2026-03-23,CUST-1180,201,3,129.15,124.73,0
2026-03-23,CUST-1246,202,2,83.16,91.31,0
2026-03-23,CUST-1296,103,3,2.37,2.6,0
2026-03-23,CUST-1322,202,2,83.58,86.04,0
2026-03-23,CUST-1290,202,3,92.42,86.67,0
2026-03-23,CUST-1268,102,1,14.45,14.81,0
2026-03-23,CUST-1280,102,4,15.42,14.71,0
2026-03-23,CUST-1140,101,4,15.73,15.16,0
2026-03-23,CUST-1386,103,1,2.62,2.49,0
2026-03-23,CUST-1014,102,3,14.73,14.14,0
2026-03-23,CUST-1104,301,1,9.72,8.77,0
2026-03-23,CUST-1457,301,4,8.85,8.81,0
2026-03-23,CUST-1112,201,3,127.19,123.74,0
2026-03-23,CUST-1338,201,1,121.21,124.27,0
2026-03-23,CUST-1436,202,4,94.37,88.76,0
2026-03-23,CUST-1140,201,3,129.12,118.41,0
2026-03-23,CUST-1193,202,4,85.59,85.72,0
2026-03-23,CUST-1170,102,1,14.08,14.17,0
2026-03-23,CUST-1031,201,2,116.9,114.99,0
2026-03-23,CUST-1355,202,1,84.44,84.79,0
2026-03-23,CUST-1411,201,2,117.24,116.42,0
2026-03-23,CUST-1425,101,4,15.62,15.55,0
2026-03-23,CUST-1405,201,3,116.83,122.55,0
2026-03-23,CUST-1254,202,3,97.7,91.77,0
2026-03-23,CUST-1389,101,4,16.6,15.15,0
2026-03-24,CUST-1402,101,4,16.46,15.2,0
2026-03-24,CUST-1217,201,4,109.63,117.15,0
2026-03-24,CUST-1060,202,3,92.41,88.08,0
2026-03-24,CUST-1038,103,1,2.51,2.59,0
2026-03-24,CUST-1138,301,1,9.28,9.02,0
2026-03-24,CUST-1327,103,2,2.66,2.41,0
2026-03-24,CUST-1108,102,1,14.52,13.86,0
2026-03-24,CUST-1486,202,3,93.4,85.8,0
2026-03-24,CUST-1361,102,4,15.79,14.39,0
2026-03-24,CUST-1229,301,2,8.8,9.12,0
2026-03-24,CUST-1251,102,1,14.87,14.8,0
2026-03-24,CUST-1141,101,4,15.89,16.04,0
2026-03-24,CUST-1489,101,4,16.94,15.63,0
2026-03-24,CUST-1328,202,3,81.32,92.78,0
2026-03-24,CUST-1278,202,3,83.16,85.09,0
2026-03-24,CUST-1463,201,1,109.03,121.13,0
2026-03-24,CUST-1010,102,1,13.35,14.33,0
2026-03-24,CUST-1185,103,2,2.73,2.4,0
2026-03-24,CUST-1015,101,2,16.34,16.41,0
2026-03-24,CUST-1238,102,3,15.77,14.45,0
2026-03-24,CUST-1056,103,1,2.71,2.52,0
2026-03-24,CUST-1419,102,1,13.38,14.59,0
2026-03-24,CUST-1166,301,1,9.03,9.13,0
2026-03-24,CUST-1325,101,4,16.24,16.63,0
2026-03-24,CUST-1467,202,4,91.53,86.72,0
2026-03-25,CUST-1117,102,1,13.39,14.81,0
2026-03-25,CUST-1412,101,1,15.17,15.55,0
2026-03-25,CUST-1265,101,3,17.32,15.35,0
2026-03-25,CUST-1005,101,2,14.38,16.65,0
2026-03-25,CUST-1277,103,4,2.39,2.49,0
2026-03-25,CUST-1302,301,3,9.77,8.65,0
2026-03-25,CUST-1332,301,2,8.36,9.03,0
2026-03-25,CUST-1079,201,1,125.45,123.24,0
2026-03-25,CUST-1173,101,1,17.14,15.44,0
2026-03-25,CUST-1457,202,2,97.85,88.19,0
2026-03-25,CUST-1011,103,1,2.63,2.56,0
2026-03-25,CUST-1102,301,2,9.58,8.72,0
2026-03-25,CUST-1259,102,3,15.67,14.14,0
2026-03-25,CUST-1103,101,1,15.26,15.52,0
2026-03-25,CUST-1457,301,3,9.11,9.08,0
2026-03-25,CUST-1485,102,4,13.34,13.8,0
2026-03-25,CUST-1239,102,3,14.58,15.04,0
2026-03-25,CUST-1278,202,1,85.45,85.35,0
2026-03-25,CUST-1399,202,3,96.17,88.5,0
2026-03-26,CUST-1152,201,3,126.34,118.55,0
2026-03-26,CUST-1432,101,1,17.39,15.41,0
2026-03-26,CUST-1490,301,3,9.24,9.06,0
2026-03-26,CUST-1088,202,1,80.92,89.2,0
2026-03-26,CUST-1022,202,2,97.08,87.78,0
2026-03-26,CUST-1186,301,3,8.51,9.42,0
2026-03-26,CUST-1086,202,1,92.89,87.51,0
2026-03-26,CUST-1488,103,3,2.61,2.45,0
2026-03-26,CUST-1389,201,1,124.94,125.28,0
2026-03-26,CUST-1363,103,3,2.45,2.43,0
2026-03-26,CUST-1140,201,2,113.15,121.26,0
2026-03-26,CUST-1255,103,1,2.37,2.45,0
2026-03-26,CUST-1028,301,1,8.25,9.39,0
2026-03-26,CUST-1291,103,1,2.28,2.44,0
2026-03-26,CUST-1406,102,3,13.57,14.8,0
2026-03-26,CUST-1490,202,3,85.38,84.89,0
2026-03-26,CUST-1427,102,2,13.19,14.71,0
2026-03-26,CUST-1070,301,3,9.33,8.75,0
2026-03-27,CUST-1362,103,2,2.73,2.45,0
2026-03-27,CUST-1358,202,2,91.15,90.04,0
2026-03-27,CUST-1314,102,1,14.91,14.26,0
2026-03-27,CUST-1207,202,2,91.93,89.38,0
2026-03-27,CUST-1176,202,1,80.98,85.51,0
2026-03-27,CUST-1139,202,1,91.06,91.67,0
2026-03-27,CUST-1054,101,1,14.38,16.49,0
2026-03-27,CUST-1389,202,1,88.85,89.73,0
2026-03-27,CUST-1042,201,1,115.0,125.7,0
2026-03-27,CUST-1368,201,4,110.32,114.8,0
2026-03-27,CUST-1415,202,3,83.18,86.43,0
2026-03-27,CUST-1168,202,2,91.05,86.31,0
2026-03-27,CUST-1238,101,1,16.18,15.83,0
2026-03-27,CUST-1223,202,1,87.08,89.81,0
2026-03-27,CUST-1083,102,3,13.97,14.7,0
2026-03-27,CUST-1005,101,3,16.22,16.37,0
2026-03-27,CUST-1422,202,1,87.13,92.47,0
2026-03-27,CUST-1475,301,2,8.61,8.55,0
2026-03-27,CUST-1378,101,1,16.29,15.35,0
2026-03-27,CUST-1314,103,1,2.56,2.46,0
2026-03-27,CUST-1012,201,3,123.29,125.28,0
2026-03-27,CUST-1246,102,1,13.22,15.04,0
2026-03-27,CUST-1461,102,1,13.36,14.03,0
2026-03-27,CUST-1386,102,1,14.75,14.53,0
2026-03-27,CUST-1172,201,1,120.18,118.71,0
2026-03-27,CUST-1357,103,3,2.33,2.42,0
2026-03-28,CUST-1124,202,3,90.56,87.86,1
2026-03-28,CUST-1236,201,3,118.78,121.42,1
2026-03-28,CUST-1449,102,4,15.22,14.25,1
2026-03-28,CUST-1187,103,3,2.63,2.45,1
2026-03-28,CUST-1125,301,2,9.83,9.29,1
2026-03-28,CUST-1059,102,2,14.17,15.11,1
2026-03-28,CUST-1289,102,4,15.48,14.77,1
2026-03-28,CUST-1216,102,2,15.85,14.69,1
2026-03-28,CUST-1489,101,2,15.54,16.32,1
2026-03-28,CUST-1226,201,4,110.6,123.39,1
2026-03-28,CUST-1377,101,4,15.14,15.31,1
2026-03-28,CUST-1476,103,2,2.5,2.4,1
2026-03-28,CUST-1087,201,2,126.89,123.63,1
2026-03-28,CUST-1144,201,4,117.11,125.17,1
2026-03-29,CUST-1449,201,2,125.15,114.04,1
2026-03-29,CUST-1306,201,3,129.48,118.78,1
2026-03-29,CUST-1038,201,1,129.15,122.43,1
2026-03-29,CUST-1063,301,1,8.95,8.65,1
2026-03-29,CUST-1164,102,3,15.17,14.73,1
2026-03-29,CUST-1356,101,4,16.44,15.82,1
2026-03-29,CUST-1370,201,3,128.73,121.52,1
2026-03-29,CUST-1390,102,3,13.54,14.89,1
2026-03-29,CUST-1141,101,1,15.4,16.0,1
2026-03-29,CUST-1163,301,2,8.26,9.44,1
2026-03-29,CUST-1311,102,4,15.23,14.2,1
2026-03-29,CUST-1490,301,2,9.06,9.19,1
2026-03-29,CUST-1094,103,2,2.29,2.53,1
2026-03-29,CUST-1091,101,2,14.69,15.16,1
2026-03-29,CUST-1468,102,1,13.81,14.21,1
2026-03-29,CUST-1094,102,1,15.51,14.79,1
2026-03-29,CUST-1265,201,4,119.73,123.98,1
2026-03-29,CUST-1441,101,3,14.85,16.5,1
2026-03-29,CUST-1425,202,2,87.37,88.99,1
2026-03-29,CUST-1456,301,4,8.36,9.17,1
2026-03-29,CUST-1202,102,1,14.01,14.84,1
2026-03-29,CUST-1387,102,2,15.31,14.76,1
2026-03-29,CUST-1351,201,3,115.71,122.24,1
2026-03-29,CUST-1088,102,3,15.27,14.49,1
2026-03-29,CUST-1452,103,4,2.38,2.4,1
2026-03-29,CUST-1378,102,1,15.66,14.34,1
2026-03-29,CUST-1066,102,1,13.17,14.52,1
2026-03-29,CUST-1026,201,2,118.38,117.61,1
2026-03-29,CUST-1134,103,2,2.27,2.39,1
2026-03-29,CUST-1121,202,2,89.91,84.69,1
2026-03-29,CUST-1427,202,4,87.43,90.39,1
2026-03-29,CUST-1284,301,3,9.72,9.12,1
2026-03-29,CUST-1411,202,2,91.48,86.87,1
2026-03-29,CUST-1277,103,1,2.3,2.4,1
2026-03-29,CUST-1182,102,3,14.31,14.58,1
2026-03-29,CUST-1267,102,3,14.9,15.12,1
2026-03-29,CUST-1168,101,2,15.39,15.35,1
2026-03-29,CUST-1106,101,3,15.37,15.49,1
2026-03-29,CUST-1114,103,3,2.63,2.54,1
2026-03-29,CUST-1338,201,1,117.74,125.62,1
2026-03-29,CUST-1188,103,3,2.58,2.45,1
2026-03-29,CUST-1216,103,4,2.5,2.58,1
2026-03-29,CUST-1193,202,2,85.23,86.94,1
2026-03-29,CUST-1431,202,3,97.1,85.34,1
2026-03-30,CUST-1049,301,2,8.79,9.38,0
2026-03-30,CUST-1284,201,3,110.03,118.55,0
2026-03-30,CUST-1283,202,1,86.08,85.36,0
2026-03-30,CUST-1150,102,3,13.84,14.85,0
2026-03-30,CUST-1035,102,4,14.72,14.58,0
2026-03-30,CUST-1096,101,1,15.69,15.78,0
2026-03-30,CUST-1442,301,1,9.0,9.19,0
2026-03-30,CUST-1478,201,2,117.75,125.59,0
2026-03-30,CUST-1141,102,2,13.92,15.05,0
2026-03-30,CUST-1059,301,3,9.35,8.87,0
2026-03-30,CUST-1471,102,2,13.56,14.45,0
2026-03-30,CUST-1328,103,4,2.44,2.51,0
2026-03-30,CUST-1233,102,1,15.19,14.07,0
2026-03-30,CUST-1130,103,3,2.55,2.59,0
2026-03-30,CUST-1160,301,2,9.69,8.91,0
2026-03-30,CUST-1303,103,1,2.75,2.49,0
2026-03-30,CUST-1404,101,3,16.31,16.18,0
2026-03-30,CUST-1129,102,3,14.41,14.66,0
2026-03-30,CUST-1155,201,2,116.51,120.85,0
2026-03-30,CUST-1346,101,1,17.29,15.55,0
2026-03-30,CUST-1083,301,2,8.96,8.96,0
2026-03-30,CUST-1031,103,2,2.6,2.38,0
2026-03-30,CUST-1257,301,3,9.71,8.65,0
2026-03-30,CUST-1090,102,1,15.56,15.22,0
2026-03-30,CUST-1331,201,3,109.64,118.01,0
2026-03-30,CUST-1304,101,1,15.07,16.0,0
2026-03-30,CUST-1463,102,3,15.01,15.17,0
